{
    "available_space": true,
    "id": "u1",
    "size_max": 21.284104347229004,
    "size_mean": 10.049204312838041,
    "size_min": 2.6274518966674805,
    "total_size": 130.63965606689453
}