{
    "available_space": true,
    "id": "u1",
    "size_max": 28.5809383392334,
    "size_mean": 9.221666166517469,
    "size_min": 1.9640140533447266,
    "total_size": 414.97497749328613
}